{"count":1,"gauges":{},"self":24.1925392,"total":25.692445799999998,"children":{"AgentSendState":{"count":1267,"self":0.0530415,"total":0.082164199999999993,"children":{"CollectObservations":{"count":5080,"self":0.029122699999999998,"total":0.029122699999999998,"children":null}}},"DecideAction":{"count":1267,"self":1.0821534,"total":1.3433967,"children":{"RayPerceptionSensor.Perceive":{"count":5080,"self":0.2612433,"total":0.2612433,"children":null}}},"AgentAct":{"count":1267,"self":0.073349,"total":0.073349,"children":null}}}