{"count":1,"gauges":{"PenguinLearning.CumulativeReward":{"count":40,"max":33.9998131,"min":-53.998085,"value":-3.92312359E-05,"weightedAverage":-16.3843842}},"self":170.9677184,"total":224.6876351,"children":{"AgentSendState":{"count":11221,"self":0.525384,"total":0.932703,"children":{"CollectObservations":{"count":44896,"self":0.407319,"total":0.407319,"children":null}}},"DecideAction":{"count":11221,"self":49.1597472,"total":51.8412034,"children":{"RayPerceptionSensor.Perceive":{"count":44896,"self":2.6814557999999997,"total":2.6814557999999997,"children":null}}},"AgentAct":{"count":11221,"self":0.94401399999999991,"total":0.94401399999999991,"children":null}}}