{"count":1,"gauges":{"PenguinLearning.CumulativeReward":{"count":70,"max":26.999279,"min":-90.99685,"value":-42.6158257,"weightedAverage":-11.6489563}},"self":228.17735679999998,"total":324.8990219,"children":{"AgentSendState":{"count":16230,"self":1.0682745999999999,"total":1.7785286,"children":{"CollectObservations":{"count":64937,"self":0.71025399999999994,"total":0.71025399999999994,"children":null}}},"DecideAction":{"count":16230,"self":89.471008,"total":93.510148199999989,"children":{"RayPerceptionSensor.Perceive":{"count":64937,"self":4.0391428,"total":4.0391428,"children":null}}},"AgentAct":{"count":16230,"self":1.4309827,"total":1.4309827,"children":null}}}