{"count":1,"gauges":{"PenguinLearning.CumulativeReward":{"count":43,"max":27.9993858,"min":-63.9959564,"value":15.3484955,"weightedAverage":8.966682}},"self":202.2847744,"total":268.86840589999997,"children":{"AgentSendState":{"count":13399,"self":0.77286939999999993,"total":1.2898635,"children":{"CollectObservations":{"count":53612,"self":0.5169941,"total":0.5169941,"children":null}}},"DecideAction":{"count":13399,"self":60.887519999999995,"total":64.1987142,"children":{"RayPerceptionSensor.Perceive":{"count":53612,"self":3.3111946,"total":3.3111946,"children":null}}},"AgentAct":{"count":13399,"self":1.0940618,"total":1.0940618,"children":null}}}