{"count":1,"gauges":{"Soccer.CumulativeReward":{"count":60,"max":0.9686667,"min":-1.23300135,"value":0.9120003,"weightedAverage":0.02148223}},"self":14.9101328,"total":16.960808999999998,"children":{"AgentSendState":{"count":832,"self":0.0541464,"total":0.080989999999999993,"children":{"CollectObservations":{"count":5344,"self":0.0268436,"total":0.0268436,"children":null}}},"DecideAction":{"count":832,"self":1.2221587999999999,"total":1.9131422,"children":{"RayPerceptionSensor.Perceive":{"count":10688,"self":0.69098339999999991,"total":0.69098339999999991,"children":null}}},"AgentAct":{"count":832,"self":0.0555479,"total":0.0555479,"children":null}}}