{"count":1,"gauges":{},"self":1.9397852,"total":1.9466360999999999,"children":{"AgentSendState":{"count":86,"self":0,"total":0.0009977,"children":{"CollectObservations":{"count":72,"self":0.0009977,"total":0.0009977,"children":null}}},"DecideAction":{"count":86,"self":0.0009979,"total":0.0009979,"children":null},"AgentAct":{"count":86,"self":0.0028618999999999997,"total":0.0028618999999999997,"children":null}}}